{
  "Cartagena": {
    "vmin": 28.562999725341797,
    "vmax": 33.835655212402344
  },
  "Barranquilla": {
    "vmin": 24.76444435119629,
    "vmax": 30.889799118041992
  },
  "Santa Marta": {
    "vmin": 22.210365295410156,
    "vmax": 31.799999237060547
  }
}